dt,status,machine_id,machine_name,count_jobs,count_machines,mip_fo,heuristic_fo,fo_diff,fo_diff_pct,mip_time_seconds,heuristic_time_seconds,time_diff_seconds
2025-12-10,103,5,coldboxgasado_coldbox4,4,1,0.22514183338309945,0.225142,1.6661690055430611e-07,7.400530503400148e-05,0.271,0.00193667,-0.26906333000000004
2025-11-30,93,4,pepset_vibrado,4,1,0.3017321661389458,0.301732,-1.6613894582295785e-07,-5.5061728402682755e-05,0.921,0.00220466,-0.9187953400000001
2025-12-09,102,2,pepset_vibrado,5,1,0.280022766078543,0.280023,2.3392145703793332e-07,8.353658536903431e-05,1.302,0.00518636,-1.29681364
2025-12-09,102,5,coldboxgasado_coldbox4,8,1,0.35618264637262526,0.356183,3.5362737477173667e-07,9.928259514411734e-05,0.741,0.0235382,-0.7174618
2025-12-11,104,1,pepset_chao,13,2,219.51372933594845,219.514,0.00027066405155551365,0.00012330165059575097,161.528,0.37198,-161.15601999999998
2025-12-11,104,2,pepset_vibrado,4,1,277.55619445896497,277.556,-0.00019445896498382353,-7.006111514206292e-05,0.535,0.00298045,-0.53201955
2025-12-07,100,2,pepset_vibrado,5,1,0.47206079570853826,0.472061,2.0429146174727464e-07,4.327651514475884e-05,0.98,0.00503164,-0.97496836
2025-12-07,100,5,coldboxgasado_coldbox4,14,1,0.4048425415761007,0.404843,4.584238992855205e-07,0.00011323511049526097,57.938,0.120348,-57.817652
2025-12-08,101,2,pepset_vibrado,5,1,0.34331694233348237,0.343317,5.7666517616628e-08,1.6796874988072502e-05,1.94,0.00473149,-1.93526851
2025-12-08,101,5,coldboxgasado_coldbox4,14,1,0.31749481878380426,0.317495,1.8121619577149417e-07,5.707689859811287e-05,6.005,0.120731,-5.884269
2025-11-10,68,1,coldboxgasado_coldbox4,10,1,0.3787417734059868,0.378742,2.2659401321956096e-07,5.982810165929776e-05,1.55,0.0432717,-1.5067283
2025-11-10,68,4,pepset_vibrado,11,1,485.411163042742,485.411,-0.0001630427419740954,-3.358858518046463e-05,59.767,0.0553939,-59.711606100000004
2025-12-14,107,0,coldboxgasado_coldboxpequena,18,1,0.07198741891094948,0.0719874,-1.891094947303884e-08,-2.626979791626122e-05,6894.165,0.406433,-6893.758567
2025-12-14,107,2,pepset_chao,6,2,0.1290246491331525,0.129025,3.508668474927479e-07,0.0002719378427688308,4.758,0.0181343,-4.7398657
2025-12-03,96,1,coldboxgasado_coldbox4,6,1,0.5602229743181366,0.560223,2.568186341367351e-08,4.584221745802489e-06,0.256,0.00513037,-0.25086963
2025-12-03,96,3,pepset_chao,19,2,15904.528169014084,15904.5,-0.028169014083687216,-0.0001771131704401477,207.05,1.63779,-205.41221000000002
2025-12-02,95,2,pepset_chao,25,2,28126.51752826566,28126.5,-0.017528265660075704,-6.231935980862446e-05,470.399,5.83218,-464.56682
2025-12-04,97,0,pepset_chao,15,2,16472.44973288004,16472.4,-0.049732880037481664,-0.0003019155064605341,690.751,0.676433,-690.074567
2025-11-17,79,1,coldboxgasado_coldbox4,16,1,0.44230173824583136,0.442302,2.6175416861784484e-07,5.917999998280854e-05,4.789,0.251426,-4.537573999999999
2025-11-17,79,4,pepset_vibrado,11,1,0.35243514190882613,0.352435,-1.4190882613451805e-07,-4.026523160145858e-05,14.465,0.0709701,-14.3940299
2025-12-15,108,0,pepset_chao,5,2,0.0479762241720917,0.0479762,-2.417209170324508e-08,-5.0383480818622346e-05,0.34,0.00841372,-0.33158628
2025-12-15,108,2,coldboxgasado_coldboxpequena,6,1,0.05012383535794315,0.0501238,-3.535794314973861e-08,-7.054117646273734e-05,0.43,0.00528963,-0.42471037
2025-12-15,108,3,coldboxsoprado_sopradora,17,1,0.05829498137190445,0.058295,1.86280955521978e-08,3.195488721980397e-05,39.774,0.294527,-39.479473
2025-11-24,87,2,coldboxgasado_coldbox4,16,1,0.3656066168340042,0.365607,3.8316599582088884e-07,0.00010480280667208414,6.294,0.255143,-6.038856999999999
2025-11-24,87,4,pepset_vibrado,12,1,23.45861533685191,23.4586,-1.53368519093533e-05,-6.537833409655742e-05,30.163,0.0792675,-30.0837325
2025-12-01,94,4,pepset_chao,25,2,0.33720206080507276,0.337287,8.493919492724711e-05,0.02518940564136947,735.793,5.87338,-729.91962
2025-12-01,94,5,pepset_vibrado,4,1,0.337120506612032,0.337121,4.933879679813735e-07,0.00014635359116530356,0.737,0.00218952,-0.73481048
2025-11-16,78,1,coldboxgasado_coldbox4,18,1,0.41120503243562023,0.411205,-3.243562024524138e-08,-7.887943406996028e-06,6.762,0.364338,-6.3976619999999995
2025-11-16,78,4,pepset_vibrado,11,1,0.3680823680823681,0.368082,-3.6808236808516526e-07,-0.00010000000000075994,12.837,0.0728417,-12.7641583
2025-11-23,86,2,pepset_vibrado,12,1,0.46389320086929525,0.463893,-2.0086929525264807e-07,-4.330076295066119e-05,49.173,0.0746722,-49.0983278
2025-11-23,86,5,coldboxgasado_coldbox4,18,1,0.3471201100845292,0.34712,-1.1008452921457135e-07,-3.171367086388744e-05,9.647,0.368475,-9.278525
2025-11-25,88,4,pepset_vibrado,12,1,476.5803620839592,476.58,-0.00036208395920311887,-7.597542576446541e-05,37.122,0.0900176,-37.0319824
2025-11-04,58,0,coldboxgasado_coldboxpequena,22,1,0.3754595773908125,0.37546,4.226091875336735e-07,0.00011255783924078288,40.486,1.38147,-39.10453
2025-11-04,58,3,pepset_vibrado,9,1,0.5259829240012649,0.525983,7.5998735082905e-08,1.4448897790210816e-05,4.298,0.0316286,-4.2663714
2025-11-27,90,1,pepset_chao,20,2,0.4761861396958383,0.476186,-1.3969583828599141e-07,-2.9336393195992958e-05,397.441,1.38731,-396.05368999999996
2025-11-27,90,2,pepset_vibrado,5,1,0.5240485152655793,0.524049,4.847344207137283e-07,9.249800478264361e-05,0.722,0.00607714,-0.7159228599999999
2025-11-27,90,4,coldboxgasado_coldboxpequena,11,1,0.5389072847682119,0.538907,-2.8476821190004387e-07,-5.284178187023855e-05,5.462,0.0652341,-5.3967659
2026-01-15,10080,0,pepset_chao,19,2,0.5601035276073619,0.560104,4.723926381178245e-07,8.434023619450874e-05,317.404,1.3573,-316.0467
2026-01-15,10080,4,coldboxgasado_coldboxpequena,17,1,0.5462824083994,0.546282,-4.0839939996484276e-07,-7.475975680078138e-05,15.855,0.255059,-15.599941000000001
2025-11-19,82,2,pepset_vibrado,7,1,0.4749207533097147,0.474921,2.4669028525492465e-07,5.19434628905442e-05,6.898,0.00982074,-6.888179259999999
2025-11-19,82,4,coldboxgasado_coldboxpequena,18,1,0.25545895002322955,0.255525,6.604997677045477e-05,0.025855416991437827,11.441,0.580088,-10.860912
2025-11-19,82,5,coldboxgasado_coldbox4,12,1,0.3581881533101045,0.358188,-1.5331010450037041e-07,-4.2801556412068396e-05,6.721,0.0959112,-6.6250888
2025-11-26,89,4,pepset_vibrado,9,1,65.59144307469181,65.5914,-4.307469181696888e-05,-6.567120617840023e-05,15.054,0.0334954,-15.0205046
2026-02-01,10102,0,pepset_chao,19,2,177.4594383194279,177.456,-0.0034383194279143936,-0.001937524124090487,118.698,1.51212,-117.18588
2026-02-01,10102,2,pepset_vibrado,6,1,0.24090401092760463,0.240904,-1.092760462673148e-08,-4.536082477271578e-06,3.068,0.00423772,-3.06376228
2026-02-01,10102,4,coldboxgasado_coldboxpequena,21,1,0.49437217766394825,0.494372,-1.776639482753417e-07,-3.5937286987883367e-05,37.822,1.40855,-36.413450000000005
2026-02-01,10102,5,coldboxgasado_coldbox4,6,1,0.41089751149899756,0.410898,4.885010024269221e-07,0.00011888633753093777,1.189,0.00614769,-1.1828523100000001
2026-01-11,10072,0,pepset_chao,11,2,0.6250000000000001,0.625,-1.1102230246251565e-16,-1.77635683940025e-14,59.378,0.164621,-59.213379
2026-01-11,10072,3,coldboxsoprado_sopradora,26,1,0.6059954718711489,0.606024,2.85281288511241e-05,0.004707647197929881,13.766,2.02503,-11.74097
2026-01-11,10072,4,coldboxgasado_coldboxpequena,17,1,0.5777204229456332,0.57772,-4.229456331827919e-07,-7.320939616887899e-05,26.817,0.456413,-26.360587
2025-11-18,80,2,pepset_vibrado,11,1,0.30625269512721004,0.306253,3.04872789957944e-07,9.954942268550718e-05,24.088,0.067583,-24.020417000000002
2025-11-18,80,4,coldboxgasado_coldboxpequena,27,1,0.32107584935475375,0.321339,0.0002631506452462351,0.08195902799138355,21.371,2.99431,-18.37669
2025-11-18,80,5,coldboxgasado_coldbox4,16,1,0.3743680906616299,0.374368,-9.066162992565907e-08,-2.4217242918708842e-05,6.44,0.265819,-6.174181000000001
2025-11-05,59,0,coldboxgasado_coldboxpequena,20,1,0.32662326025924376,0.326623,-2.6025924376726906e-07,-7.968178492881952e-05,48.729,0.880794,-47.848206
2025-11-05,59,4,pepset_vibrado,9,1,0.5028281363306744,0.502828,-1.3633067430518508e-07,-2.711277759833433e-05,4.787,0.0255088,-4.7614912
2025-11-05,60,0,coldboxgasado_coldboxpequena,19,1,0.33501006036217307,0.33501,-6.036217309324243e-08,-1.801801803443933e-05,32.922,0.717247,-32.204753
2025-11-05,60,4,pepset_vibrado,9,1,0.5028281363306744,0.502828,-1.3633067430518508e-07,-2.711277759833433e-05,4.791,0.0278908,-4.763109200000001
2025-11-11,69,1,coldboxgasado_coldbox4,12,1,0.43270868824531517,0.432709,3.117546848452335e-07,7.204724409612285e-05,2.72,0.0839046,-2.6360954000000003
2025-11-11,69,4,pepset_vibrado,11,1,1015.527899956878,1015.53,0.002100043122027273,0.00020679324734617795,40.168,0.0507054,-40.1172946
2025-11-11,70,1,coldboxgasado_coldbox4,12,1,0.43270868824531517,0.432709,3.117546848452335e-07,7.204724409612285e-05,2.631,0.0798297,-2.5511703
2025-11-11,70,4,pepset_vibrado,11,1,1015.527899956878,1015.53,0.002100043122027273,0.00020679324734617795,39.832,0.0544347,-39.7775653
2025-11-11,71,1,coldboxgasado_coldbox4,10,1,0.4756910496844725,0.475691,-4.968447253617114e-08,-1.0444693581921927e-05,1.243,0.0444782,-1.1985218000000002
2025-11-11,71,4,pepset_vibrado,10,1,524.479556019353,524.48,0.00044398064699180395,8.465165932519614e-05,26.226,0.0481948,-26.177805199999998
2026-02-02,10103,0,pepset_chao,18,2,83.45315510123845,83.4515,-0.0016551012384553587,-0.001983269819394518,69.113,1.17361,-67.93939
2026-02-02,10103,2,pepset_vibrado,10,1,0.4405781983458759,0.440578,-1.983458758902934e-07,-4.5019448677889855e-05,9.329,0.0392876,-9.2897124
2026-02-02,10103,4,coldboxgasado_coldboxpequena,23,1,0.4778153846153846,0.477815,-3.8461538459655387e-07,-8.049455856389981e-05,34.473,1.64691,-32.82609
2026-02-02,10103,5,coldboxgasado_coldbox4,16,1,0.5053739661196869,0.505374,3.388031311057915e-08,6.704008394163173e-06,5.335,0.304914,-5.030086
2025-11-12,72,0,coldboxgasado_coldboxpequena,27,1,0.3667699115044248,0.366947,0.00017708849557523942,0.04828326698034034,61.341,4.44692,-56.89408
2025-11-12,72,1,coldboxgasado_coldbox4,6,1,0.5638064901453315,0.563806,-4.901453314332116e-07,-8.693502824113777e-05,0.267,0.00806771,-0.25893229
2025-11-12,72,4,pepset_vibrado,8,1,261.5446239190733,261.544,-0.0006239190732912903,-0.00023855167196414726,5.496,0.0342669,-5.4617331
2025-11-12,73,0,coldboxgasado_coldboxpequena,24,1,0.3703021554084325,0.370302,-1.554084324562055e-07,-4.196800644727399e-05,27.513,1.95955,-25.55345
2025-11-12,73,1,coldboxgasado_coldbox4,6,1,0.5602229743181366,0.560223,2.568186341367351e-08,4.584221745802489e-06,0.238,0.00517348,-0.23282651999999998
2025-11-12,73,4,pepset_vibrado,7,1,98.48051463732985,98.4805,-1.4637329840638813e-05,-1.4863173587732669e-05,6.191,0.010848,-6.180152
2025-11-13,74,2,pepset_chao,26,2,0.531278458844133,0.531278,-4.5884413302221816e-07,-8.636603374066673e-05,986.137,5.72177,-980.41523
2025-11-13,75,2,pepset_chao,24,2,0.5368445017834105,0.536845,4.982165895395241e-07,9.280463670288817e-05,763.308,3.80287,-759.50513
