date,status,machine_id,machine_name,job_capacity,count_jobs,Quantia de recursos,maquinas,W(Necessario)
2025-11-05,59,1,coldboxgasado_coldbox4,1,0,0,1,14
2025-11-05,60,1,coldboxgasado_coldbox4,1,0,0,1,14
2026-01-15,10080,5,coldboxgasado_coldbox4,1,0,0,1,9
2026-01-11,10072,5,coldboxgasado_coldbox4,1,1,1,1,23
2026-01-15,10080,2,pepset_vibrado,1,1,1,1,8
2025-12-15,108,1,pepset_carrossel,10,1,1,10,21
2025-12-16,109,1,pepset_carrossel,10,1,1,10,17
2025-12-16,109,2,coldboxgasado_coldbox4,1,1,1,1,18
2025-12-16,110,0,pepset_carrossel,10,1,1,10,17
2025-12-17,111,0,coldboxgasado_coldboxpequena,1,1,1,1,14
2025-12-01,94,2,coldboxgasado_coldbox4,1,2,2,1,23
2025-12-02,95,3,pepset_vibrado,1,2,2,1,17
2026-01-11,10072,2,pepset_vibrado,1,2,2,1,21
2025-12-11,104,5,coldboxgasado_coldbox4,1,2,2,1,9
2025-12-16,109,3,coldboxsoprado_sopradora,1,2,1,1,17
2025-11-27,90,5,coldboxgasado_coldbox4,1,2,2,1,9
2025-11-30,93,2,coldboxgasado_coldbox4,1,2,2,1,23
2025-12-03,96,4,pepset_vibrado,1,3,1,1,12
2025-12-10,103,2,pepset_vibrado,1,3,3,1,12
2025-12-16,109,0,pepset_chao,2,3,3,2,18
2025-12-01,94,5,pepset_vibrado,1,4,2,1,21
2025-12-04,97,2,pepset_vibrado,1,4,1,1,8
2025-12-10,103,5,coldboxgasado_coldbox4,1,4,2,1,14
2025-12-11,104,2,pepset_vibrado,1,4,3,1,8
2025-11-13,74,4,pepset_vibrado,1,4,1,1,8
2025-11-13,75,4,pepset_vibrado,1,4,1,1,8
2025-11-30,93,4,pepset_vibrado,1,4,2,1,21
2025-12-07,100,2,pepset_vibrado,1,5,1,1,21
2025-12-08,101,2,pepset_vibrado,1,5,1,1,21
2025-12-09,102,2,pepset_vibrado,1,5,2,1,17
2025-12-15,108,0,pepset_chao,2,5,5,2,23
2025-11-27,90,2,pepset_vibrado,1,5,1,1,8
2026-02-01,10102,2,pepset_vibrado,1,6,1,1,21
2026-02-01,10102,5,coldboxgasado_coldbox4,1,6,4,1,23
2025-12-03,96,1,coldboxgasado_coldbox4,1,6,2,1,14
2025-11-12,72,1,coldboxgasado_coldbox4,1,6,2,1,14
2025-11-12,73,1,coldboxgasado_coldbox4,1,6,2,1,14
2025-11-13,74,1,coldboxgasado_coldbox4,1,6,2,1,9
2025-11-13,75,1,coldboxgasado_coldbox4,1,6,2,1,9
2025-12-14,107,2,pepset_chao,2,6,5,2,23
2025-12-15,108,2,coldboxgasado_coldboxpequena,1,6,5,1,23
2025-11-12,73,4,pepset_vibrado,1,7,2,1,12
2025-11-19,82,2,pepset_vibrado,1,7,2,1,12
2025-11-02,56,1,coldboxgasado_coldbox4,1,8,2,1,23
2025-12-04,97,5,coldboxgasado_coldbox4,1,8,2,1,9
2025-12-09,102,5,coldboxgasado_coldbox4,1,8,2,1,18
2025-11-12,72,4,pepset_vibrado,1,8,2,1,12
2025-11-04,58,3,pepset_vibrado,1,9,2,1,17
2025-11-05,59,4,pepset_vibrado,1,9,2,1,12
2025-11-05,60,4,pepset_vibrado,1,9,2,1,12
2025-11-26,89,4,pepset_vibrado,1,9,2,1,12
2026-02-02,10103,2,pepset_vibrado,1,10,1,1,21
2025-11-10,68,1,coldboxgasado_coldbox4,1,10,2,1,23
2025-11-11,71,1,coldboxgasado_coldbox4,1,10,2,1,18
2025-11-11,71,4,pepset_vibrado,1,10,1,1,17
2026-01-15,10080,1,pepset_carrossel,10,10,6,10,8
2025-11-10,68,4,pepset_vibrado,1,11,2,1,21
2026-01-11,10072,0,pepset_chao,2,11,5,2,23
2025-11-11,69,4,pepset_vibrado,1,11,1,1,17
2025-11-11,70,4,pepset_vibrado,1,11,1,1,17
2025-11-16,78,4,pepset_vibrado,1,11,4,1,21
2025-11-17,79,4,pepset_vibrado,1,11,4,1,21
2025-11-18,80,2,pepset_vibrado,1,11,4,1,17
2025-11-27,90,4,coldboxgasado_coldboxpequena,1,11,7,1,9
2025-11-11,69,1,coldboxgasado_coldbox4,1,12,2,1,18
2025-11-11,70,1,coldboxgasado_coldbox4,1,12,2,1,18
2025-11-19,82,5,coldboxgasado_coldbox4,1,12,2,1,14
2025-11-23,86,2,pepset_vibrado,1,12,3,1,21
2025-11-24,87,4,pepset_vibrado,1,12,2,1,21
2025-11-25,88,4,pepset_vibrado,1,12,2,1,17
2025-11-26,89,2,coldboxgasado_coldbox4,1,12,2,1,14
2025-12-11,104,1,pepset_chao,2,13,6,2,9
2025-11-02,56,4,pepset_vibrado,1,14,3,1,21
2025-12-07,100,5,coldboxgasado_coldbox4,1,14,2,1,23
2025-12-08,101,5,coldboxgasado_coldbox4,1,14,2,1,23
2025-12-04,97,0,pepset_chao,2,15,5,2,9
2026-02-02,10103,5,coldboxgasado_coldbox4,1,16,6,1,23
2025-11-17,79,1,coldboxgasado_coldbox4,1,16,2,1,23
2025-11-18,80,5,coldboxgasado_coldbox4,1,16,2,1,18
2025-11-24,87,2,coldboxgasado_coldbox4,1,16,2,1,23
2026-01-11,10072,4,coldboxgasado_coldboxpequena,1,17,10,1,23
2026-01-15,10080,4,coldboxgasado_coldboxpequena,1,17,13,1,9
2025-12-15,108,3,coldboxsoprado_sopradora,1,17,9,1,21
2026-02-02,10103,0,pepset_chao,2,18,9,2,23
2025-12-14,107,0,coldboxgasado_coldboxpequena,1,18,10,1,23
2025-12-14,107,1,pepset_carrossel,10,18,12,10,21
2025-11-16,78,1,coldboxgasado_coldbox4,1,18,2,1,23
2025-11-19,82,4,coldboxgasado_coldboxpequena,1,18,7,1,14
2025-11-23,86,5,coldboxgasado_coldbox4,1,18,2,1,23
2025-11-25,88,2,coldboxgasado_coldbox4,1,18,2,1,18
2026-02-01,10102,0,pepset_chao,2,19,8,2,23
2025-12-03,96,3,pepset_chao,2,19,5,2,14
2025-11-05,60,0,coldboxgasado_coldboxpequena,1,19,10,1,14
2025-11-13,74,0,coldboxgasado_coldboxpequena,1,19,10,1,9
2025-11-13,75,0,coldboxgasado_coldboxpequena,1,19,10,1,9
2026-01-15,10080,0,pepset_chao,2,19,8,2,9
2025-11-05,59,0,coldboxgasado_coldboxpequena,1,20,10,1,14
2025-11-26,89,1,coldboxgasado_coldboxpequena,1,20,11,1,14
2025-11-27,90,1,pepset_chao,2,20,7,2,9
2026-02-01,10102,4,coldboxgasado_coldboxpequena,1,21,11,1,23
2025-11-04,58,0,coldboxgasado_coldboxpequena,1,22,12,1,18
2026-02-02,10103,4,coldboxgasado_coldboxpequena,1,23,14,1,23
2025-11-02,56,0,coldboxgasado_coldboxpequena,1,23,13,1,23
2025-11-27,90,3,pepset_carrossel,10,23,11,10,8
2025-11-12,73,0,coldboxgasado_coldboxpequena,1,24,13,1,14
2025-11-13,75,2,pepset_chao,2,24,10,2,9
2025-12-01,94,4,pepset_chao,2,25,10,2,23
2025-12-02,95,2,pepset_chao,2,25,7,2,18
2026-01-11,10072,1,pepset_carrossel,10,25,21,10,21
2026-01-11,10072,3,coldboxsoprado_sopradora,1,26,9,1,21
2025-11-13,74,2,pepset_chao,2,26,10,2,9
2025-11-13,74,3,pepset_carrossel,10,26,16,10,8
2025-11-13,75,3,pepset_carrossel,10,26,16,10,8
2025-12-10,103,0,pepset_chao,2,27,9,2,14
2025-11-12,72,0,coldboxgasado_coldboxpequena,1,27,13,1,14
2025-11-18,80,4,coldboxgasado_coldboxpequena,1,27,8,1,18
2025-11-19,82,1,pepset_carrossel,10,27,13,10,12
2025-11-26,89,3,pepset_chao,2,27,7,2,14
2025-11-30,93,3,pepset_chao,2,27,12,2,23
2025-11-05,59,3,pepset_chao,2,29,11,2,14
2025-11-19,82,0,pepset_chao,2,29,8,2,14
2025-12-09,102,0,pepset_chao,2,30,8,2,18
2025-11-05,60,3,pepset_chao,2,31,12,2,14
2025-11-11,71,0,coldboxgasado_coldboxpequena,1,31,12,1,18
2025-11-12,73,3,pepset_chao,2,33,11,2,14
2026-02-01,10102,3,coldboxsoprado_sopradora,1,34,16,1,21
2025-12-11,104,4,coldboxgasado_coldboxpequena,1,34,12,1,9
2025-11-30,93,1,coldboxgasado_coldboxpequena,1,34,14,1,23
2025-11-12,72,3,pepset_chao,2,35,11,2,14
2025-12-07,100,0,pepset_chao,2,36,9,2,23
2025-12-08,101,0,pepset_chao,2,36,9,2,23
2025-12-14,107,3,coldboxsoprado_sopradora,1,36,11,1,21
2025-11-16,78,0,coldboxgasado_coldboxpequena,1,36,11,1,23
2025-11-23,86,4,coldboxgasado_coldboxpequena,1,36,8,1,23
2025-11-10,68,0,coldboxgasado_coldboxpequena,1,37,12,1,23
2025-11-26,89,5,pepset_carrossel,10,37,16,10,12
2026-02-02,10103,3,coldboxsoprado_sopradora,1,38,12,1,21
2025-11-04,58,2,pepset_chao,2,38,17,2,18
2025-11-11,69,0,coldboxgasado_coldboxpequena,1,38,12,1,18
2025-11-11,70,0,coldboxgasado_coldboxpequena,1,38,12,1,18
2025-11-18,80,0,pepset_chao,2,38,9,2,18
2026-02-01,10102,1,pepset_carrossel,10,39,15,10,21
2025-11-25,88,1,coldboxgasado_coldboxpequena,1,39,17,1,18
2025-11-17,79,0,coldboxgasado_coldboxpequena,1,40,12,1,23
2025-11-25,88,3,pepset_chao,2,40,9,2,18
2025-11-30,93,5,pepset_carrossel,10,40,18,10,21
2025-12-01,94,1,coldboxgasado_coldboxpequena,1,42,13,1,23
2025-12-04,97,3,coldboxsoprado_sopradora,1,42,16,1,8
2025-11-11,71,3,pepset_chao,2,42,11,2,18
2025-11-24,87,1,coldboxgasado_coldboxpequena,1,43,12,1,23
2025-11-24,87,3,pepset_chao,2,43,9,2,23
2025-11-02,56,5,coldboxsoprado_sopradora,1,44,12,1,21
2025-12-04,97,4,coldboxgasado_coldboxpequena,1,44,12,1,9
2025-11-10,68,3,pepset_chao,2,44,11,2,23
2025-11-12,73,2,pepset_carrossel,10,44,22,10,12
2025-11-17,79,2,pepset_chao,2,44,10,2,23
2025-12-01,94,0,coldboxsoprado_sopradora,1,45,11,1,21
2025-12-01,94,3,pepset_carrossel,10,46,15,10,21
2025-11-02,56,3,pepset_chao,2,47,23,2,23
2025-11-12,72,2,pepset_carrossel,10,47,22,10,12
2025-11-16,78,2,pepset_chao,2,47,16,2,23
2025-12-11,104,0,pepset_carrossel,10,48,30,10,8
2025-11-18,80,1,pepset_carrossel,10,49,19,10,17
2025-11-11,69,3,pepset_chao,2,50,13,2,18
2025-11-11,70,3,pepset_chao,2,50,13,2,18
2026-02-02,10103,1,pepset_carrossel,10,51,16,10,21
2025-12-10,103,4,coldboxgasado_coldboxpequena,1,51,14,1,14
2025-11-23,86,1,pepset_chao,2,52,10,2,23
2025-12-03,96,0,coldboxgasado_coldboxpequena,1,53,13,1,14
2025-12-04,97,1,pepset_carrossel,10,53,29,10,8
2025-11-05,60,5,coldboxsoprado_sopradora,1,55,19,1,12
2025-11-19,82,3,coldboxsoprado_sopradora,1,55,13,1,12
2025-12-03,96,5,coldboxsoprado_sopradora,1,56,15,1,12
2025-11-24,87,5,pepset_carrossel,10,58,17,10,21
2025-11-05,59,5,coldboxsoprado_sopradora,1,59,19,1,12
2026-01-15,10080,3,coldboxsoprado_sopradora,1,59,17,1,8
2025-12-02,95,1,pepset_carrossel,10,60,15,10,17
2025-12-02,95,0,coldboxgasado_coldboxpequena,1,62,13,1,18
2025-12-11,104,3,coldboxsoprado_sopradora,1,64,18,1,8
2025-11-23,86,0,pepset_carrossel,10,64,22,10,21
2025-11-25,88,5,pepset_carrossel,10,64,24,10,17
2025-12-02,95,4,coldboxsoprado_sopradora,1,65,12,1,17
2025-11-17,79,3,pepset_carrossel,10,65,22,10,21
2025-11-04,58,4,coldboxsoprado_sopradora,1,66,19,1,17
2025-11-10,68,2,pepset_carrossel,10,66,27,10,21
2025-11-11,71,2,pepset_carrossel,10,66,26,10,17
2025-12-10,103,1,pepset_carrossel,10,68,38,10,12
2025-12-09,102,4,coldboxgasado_coldboxpequena,1,69,15,1,18
2025-11-11,70,2,pepset_carrossel,10,69,28,10,17
2025-11-11,69,2,pepset_carrossel,10,73,28,10,17
2025-11-16,78,3,pepset_carrossel,10,73,27,10,21
2025-11-27,90,0,coldboxsoprado_sopradora,1,74,14,1,8
2025-11-30,93,0,coldboxsoprado_sopradora,1,80,13,1,21
2025-12-07,100,4,coldboxgasado_coldboxpequena,1,83,19,1,23
2025-12-08,101,4,coldboxgasado_coldboxpequena,1,83,19,1,23
2025-12-03,96,2,pepset_carrossel,10,84,33,10,12
2025-11-13,75,5,coldboxsoprado_sopradora,1,86,14,1,8
2025-12-10,103,3,coldboxsoprado_sopradora,1,87,19,1,12
2025-11-13,74,5,coldboxsoprado_sopradora,1,88,14,1,8
2025-11-18,80,3,coldboxsoprado_sopradora,1,90,15,1,17
2025-12-09,102,1,pepset_carrossel,10,94,40,10,17
2025-11-24,87,0,coldboxsoprado_sopradora,1,95,14,1,21
2025-11-26,89,0,coldboxsoprado_sopradora,1,95,14,1,12
2025-11-10,68,5,coldboxsoprado_sopradora,1,96,17,1,21
2025-12-09,102,3,coldboxsoprado_sopradora,1,98,20,1,17
2025-11-16,78,5,coldboxsoprado_sopradora,1,100,15,1,21
2025-11-25,88,0,coldboxsoprado_sopradora,1,100,16,1,17
2025-11-12,73,5,coldboxsoprado_sopradora,1,101,16,1,12
2025-11-05,60,2,pepset_carrossel,10,102,40,10,12
2025-11-12,72,5,coldboxsoprado_sopradora,1,104,16,1,12
2025-11-17,79,5,coldboxsoprado_sopradora,1,105,15,1,21
2025-12-07,100,1,pepset_carrossel,10,113,38,10,21
2025-12-08,101,1,pepset_carrossel,10,113,38,10,21
2025-11-11,71,5,coldboxsoprado_sopradora,1,116,16,1,17
2025-11-23,86,3,coldboxsoprado_sopradora,1,117,16,1,21
2025-11-05,59,2,pepset_carrossel,10,119,47,10,12
2025-12-07,100,3,coldboxsoprado_sopradora,1,119,21,1,21
2025-12-08,101,3,coldboxsoprado_sopradora,1,119,21,1,21
2025-11-11,70,5,coldboxsoprado_sopradora,1,120,18,1,17
2025-11-11,69,5,coldboxsoprado_sopradora,1,121,18,1,17
2025-11-04,58,1,pepset_carrossel,10,141,49,10,17
2025-11-02,56,2,pepset_carrossel,10,154,53,10,21
